<?xml version="1.0" encoding="UTF-8"?><?xml-stylesheet type='text/xsl' href='_UpgradeReport_Files/UpgradeReport.xslt'?><UpgradeLog>
<Properties><Property Name="Solution" Value="TeknikaSoft">
</Property><Property Name="Solution File" Value="D:\NetProgramming\Acad\TeknikaSoftSymbolTables\TeknikaSoft.sln">
</Property><Property Name="Date" Value="16 Kasım 2013">
</Property><Property Name="Time" Value="22:03">
</Property></Properties><Event ErrorLevel="1" Project="TeknikaSoft" Source="TeknikaSoft.csproj" Description="Your project is targeting .NET Framework 2.0 or 3.0. If your project uses assemblies requiring a newer .NET Framework, your project will fail to build. You can change the .NET Framework version by clicking Properties on the project menu and then selecting a new version in the '.NET Framework' dropdown box. (In Visual Basic, this is located on the Compile tab by clicking the 'Advanced Compiler Options...' button.)">
</Event><Event ErrorLevel="0" Project="TeknikaSoft" Source="TeknikaSoft.csproj" Description="Project converted successfully">
</Event><Event ErrorLevel="3" Project="TeknikaSoft" Source="TeknikaSoft.csproj" Description="Converted">
</Event><Event ErrorLevel="0" Project="" Source="TeknikaSoft.sln" Description="Solution converted successfully">
</Event><Event ErrorLevel="3" Project="" Source="TeknikaSoft.sln" Description="Converted">
</Event><Event ErrorLevel="0" Project="TeknikaSoft" Source="TeknikaSoft.csproj" Description="Scan complete: Upgrade not required for project files.">
</Event></UpgradeLog>